filename,sharpness_score,label
63.jpg,24.8157693598071,healthy
189.jpg,40.648329317571374,healthy
77.jpg,13.988439838626842,healthy
638.jpg,16.7519838329944,healthy
604.jpg,13.006874359412745,healthy
162.jpg,99.78345902341873,healthy
176.jpg,27.696998340188085,healthy
88.jpg,34.86216845879571,healthy
610.jpg,26.97915115534705,healthy
348.jpg,38.354051316644714,healthy
360.jpg,15.643658341752083,healthy
406.jpg,64.4442618016768,healthy
412.jpg,89.17911210710228,healthy
374.jpg,96.35319199156586,healthy
599.jpg,98.57203124883388,healthy
228.jpg,40.45935814996396,healthy
214.jpg,44.027751445711125,healthy
572.jpg,24.84470935874038,healthy
566.jpg,34.851690449916795,healthy
200.jpg,39.21163469111173,healthy
770.jpg,34.22176970362155,healthy
764.jpg,46.976753452703846,healthy
765.jpg,95.95061461544257,healthy
771.jpg,38.78212102920483,healthy
759.jpg,95.28291529656886,healthy
567.jpg,15.816429420092428,healthy
201.jpg,24.753391036847013,healthy
573.jpg,23.34546716677979,healthy
229.jpg,27.365355456595076,healthy
826.jpeg,11.865573379617516,healthy
598.jpg,49.558410573872195,healthy
413.jpg,27.46929574375453,healthy
375.jpg,98.22072238114649,healthy
361.jpg,17.92321713688488,healthy
407.jpg,40.991450577981816,healthy
349.jpg,58.65385096477003,healthy
177.jpg,30.172892696913443,healthy
611.jpg,37.85036087465978,healthy
89.jpg,40.92361777393825,healthy
605.jpg,34.78156698957287,healthy
163.jpg,59.97544202080908,healthy
639.jpg,17.22529909565051,healthy
188.jpg,48.21478214271348,healthy
822.jpg,15.793777281019159,healthy
62.jpg,39.54619554589959,healthy
74.jpg,16.637392635577882,healthy
60.jpg,99.91860759965905,healthy
48.jpg,41.45079476873118,healthy
808.jpg,31.50439115478742,healthy
149.jpg,37.50494000822575,healthy
613.jpg,98.1398168879574,healthy
175.jpg,30.184265776443183,healthy
161.jpg,41.361799971694396,healthy
607.jpg,19.262376066392793,healthy
388.jpg,22.660267065082603,healthy
439.jpg,30.506421602808917,healthy
377.jpg,11.94793016326936,healthy
405.jpg,43.499420128098755,healthy
559.jpg,25.883150690427644,healthy
203.jpg,40.0300824137626,healthy
565.jpg,42.087306335486986,healthy
571.jpg,32.622567251946776,healthy
217.jpg,102.1357202249279,healthy
798.jpg,99.26596325633574,healthy
773.jpg,99.75424016951234,healthy
772.jpg,54.240648350724044,healthy
766.jpg,39.54205253446642,healthy
799.jpg,92.23254385325266,healthy
570.jpg,89.39328305326714,healthy
216.jpg,29.9136618683732,healthy
564.jpg,59.04590684500413,healthy
558.jpg,36.616298971185785,healthy
404.jpg,37.97568026561717,healthy
362.jpg,34.37908534489289,healthy
376.jpg,10.726484480994078,healthy
410.jpg,98.25898678328409,healthy
389.jpg,45.32285130904649,healthy
160.jpg,58.49642563638046,healthy
606.jpg,11.607382687446716,healthy
612.jpg,16.817523285599716,healthy
174.jpg,32.34837736017281,healthy
148.jpg,31.138744626216337,healthy
809.jpg,28.75077365375412,healthy
49.jpg,42.91260882738673,healthy
821.jpg,38.105313800612926,healthy
61.jpg,29.68693189427546,healthy
75.jpg,22.94119503783888,healthy
59.jpg,32.77431022793926,healthy
819.jpg,28.831352843591077,healthy
71.jpg,60.98123734392358,healthy
65.jpg,12.855468435026765,healthy
825.jpg,24.86553891081901,healthy
170.jpg,98.3518817379118,healthy
616.jpg,38.56429997156706,healthy
602.jpg,17.179077554659802,healthy
164.jpg,97.52965768489557,healthy
158.jpg,33.4398270952548,healthy
399.jpg,48.07964466592008,healthy
414.jpg,21.96013558123767,healthy
372.jpg,34.7004359035408,healthy
366.jpg,49.6677223892801,healthy
400.jpg,68.8987648853796,healthy
428.jpg,30.932401819750062,healthy
560.jpg,14.075568827082522,healthy
206.jpg,42.04536198097462,healthy
574.jpg,82.68640153297378,healthy
548.jpg,55.354844016596815,healthy
789.jpg,60.63806234734405,healthy
190.jpeg,21.810604152084515,healthy
762.jpg,89.48334207442588,healthy
776.jpg,27.215362390421852,healthy
777.jpg,43.24488815967897,healthy
763.jpg,65.48004245758213,healthy
788.jpg,91.52968657560406,healthy
213.jpg,42.291871978745775,healthy
575.jpg,88.23348269767037,healthy
207.jpg,33.05568615916755,healthy
429.jpg,94.18478610872802,healthy
367.jpg,15.215649846925299,healthy
415.jpg,29.435679513157474,healthy
373.jpg,94.90411627676517,healthy
398.jpg,95.5417858409081,healthy
159.jpg,43.49251288580905,healthy
603.jpg,97.13324356865623,healthy
165.jpg,98.05591598428413,healthy
171.jpg,98.54686671845269,healthy
617.jpg,21.141159743235917,healthy
64.jpg,46.02412795074649,healthy
70.jpg,38.680655606127644,healthy
818.jpg,100.77309926546206,healthy
58.jpg,104.05773256653038,healthy
198.jpg,26.0214288397816,healthy
66.jpg,13.346398365381026,healthy
72.jpg,18.945172347151836,healthy
601.jpg,11.563017315950852,healthy
99.jpg,30.022771584344667,healthy
615.jpg,39.36494058063769,healthy
173.jpg,18.914783577910473,healthy
629.jpg,13.952008032202757,healthy
403.jpg,11.066684559096508,healthy
365.jpg,60.125960809585095,healthy
371.jpg,15.253132445937323,healthy
417.jpg,97.97088501462835,healthy
359.jpg,97.20565149259563,healthy
588.jpg,24.55539984011346,healthy
577.jpg,35.7612883187924,healthy
211.jpg,20.63203212976168,healthy
205.jpg,99.09821339399588,healthy
563.jpg,79.60177449242744,healthy
239.jpg,27.56343006991005,healthy
775.jpg,40.78715113649315,healthy
761.jpg,30.813834168635573,healthy
749.jpg,54.7572821507018,healthy
748.jpg,42.7521068296328,healthy
760.jpg,100.44682179174774,healthy
774.jpg,98.70786001853713,healthy
238.jpg,24.32819711039362,healthy
562.jpg,37.66351517113146,healthy
210.jpg,15.705491083298986,healthy
358.jpg,93.19829952358887,healthy
370.jpg,33.94878001334302,healthy
416.jpg,93.31998883656658,healthy
402.jpg,24.93571631406361,healthy
364.jpg,15.926577784850478,healthy
614.jpg,100.02545349901793,healthy
172.jpg,55.002191939263476,healthy
166.jpg,34.88631113344191,healthy
98.jpg,58.450485200166874,healthy
600.jpg,53.566736129097315,healthy
73.jpg,32.87812945453073,healthy
199.jpg,60.24755527374906,healthy
827.jpg,35.58593118645898,healthy
67.jpg,42.25379459978222,healthy
9.jpg,29.868728619855336,healthy
698.jpg,34.78105223825573,healthy
14.jpg,42.47903869096643,healthy
28.jpg,97.40514211016207,healthy
129.jpg,10.293312837936313,healthy
101.jpg,23.79971220975709,healthy
667.jpg,16.811197373795025,healthy
673.jpg,34.20086616753636,healthy
115.jpg,32.869886613907155,healthy
459.jpg,21.120143161092553,healthy
465.jpg,34.10480166591747,healthy
303.jpg,99.20133575215539,healthy
317.jpg,93.43498000616822,healthy
471.jpg,65.16939201104425,healthy
288.jpg,34.69782220701089,healthy
539.jpg,42.159583950519156,healthy
511.jpg,98.80601796441444,healthy
277.jpg,101.01926633771859,healthy
263.jpg,13.374211330261701,healthy
505.jpg,52.15957745596428,healthy
713.jpg,50.011609623721206,healthy
707.jpg,44.49468356752235,healthy
706.jpg,25.215424372124836,healthy
712.jpg,26.524974644900205,healthy
262.jpg,13.032670382651633,healthy
504.jpg,86.676463569535,healthy
510.jpg,33.81611566643145,healthy
276.jpg,29.069156949258716,healthy
538.jpg,92.82940024110368,healthy
289.jpg,29.41229590534797,healthy
316.jpg,27.959725779799303,healthy
470.jpg,30.766725596723614,healthy
464.jpg,45.00717574724609,healthy
302.jpg,96.24774861761533,healthy
458.jpg,32.64738398201544,healthy
672.jpg,98.07212767634695,healthy
114.jpg,54.14881406268776,healthy
100.jpg,20.75437091894268,healthy
666.jpg,45.365225208172916,healthy
29.jpg,40.47510667347716,healthy
15.jpg,30.719009523063512,healthy
699.jpg,20.20667578206044,healthy
17.jpg,38.890645350027,healthy
658.jpg,96.31192256097202,healthy
116.jpg,26.670515306360507,healthy
670.jpg,30.854826069559213,healthy
664.jpg,96.37736507303659,healthy
102.jpg,11.32792409138233,healthy
328.jpg,36.123575904843136,healthy
472.jpg,99.46547481608623,healthy
314.jpg,33.24331018259253,healthy
300.jpg,38.268865746571926,healthy
466.jpg,98.7837844176276,healthy
248.jpg,38.84607505939473,healthy
506.jpg,22.18401770024391,healthy
260.jpg,36.51801450929979,healthy
274.jpg,77.86973353445502,healthy
512.jpg,18.71792085420061,healthy
738.jpg,40.41355652169586,healthy
704.jpg,59.02005964320818,healthy
710.jpg,27.503804870565737,healthy
711.jpg,24.23166199575492,healthy
705.jpg,99.84242295850218,healthy
739.jpg,104.52320050527887,healthy
275.jpg,29.407674296788418,healthy
507.jpg,58.6683345207515,healthy
261.jpg,44.587757704647935,healthy
249.jpg,25.434998708557625,healthy
301.jpg,11.232569701261163,healthy
467.jpg,97.47705022809046,healthy
315.jpg,34.95540103633467,healthy
329.jpg,23.55437848441685,healthy
498.jpg,28.065242380442786,healthy
665.jpg,27.968320372367643,healthy
103.jpg,23.591643337249145,healthy
671.jpg,16.928869091986904,healthy
659.jpg,96.10703700352771,healthy
16.jpg,99.09069842301743,healthy
12.jpg,51.523345738869565,healthy
675.jpg,59.17860879180231,healthy
113.jpg,11.99692550338145,healthy
107.jpg,53.713086345487376,healthy
661.jpg,51.486448162556826,healthy
649.jpg,22.845453667925224,healthy
488.jpg,96.44567949840801,healthy
311.jpg,96.58522465603308,healthy
477.jpg,45.21883150136651,healthy
305.jpg,78.00109690202484,healthy
339.jpg,101.53130640390947,healthy
265.jpg,31.574860878429593,healthy
503.jpg,38.1708741596666,healthy
517.jpg,99.09402501809984,healthy
271.jpg,98.1128272929818,healthy
259.jpg,12.68208867706928,healthy
701.jpg,16.579513215127445,healthy
715.jpg,95.79749117861546,healthy
729.jpg,15.466555248162033,healthy
728.jpg,31.41719567435669,healthy
714.jpg,24.332591154734715,healthy
700.jpg,18.713789821540725,healthy
258.jpg,35.54387083269858,healthy
516.jpg,21.602275417706302,healthy
270.jpg,37.904098659453936,healthy
264.jpg,31.68843403555522,healthy
502.jpg,38.18594091758235,healthy
335.jpeg,13.708933634836882,healthy
338.jpg,56.7963132528992,healthy
462.jpg,90.6154957428065,healthy
304.jpg,32.57682922802683,healthy
476.jpg,48.96402635404699,healthy
489.jpg,30.677353475619224,healthy
106.jpg,36.84652530827101,healthy
660.jpg,99.41390137056531,healthy
674.jpg,49.952725891799396,healthy
112.jpg,16.18084358731228,healthy
13.jpg,19.119203638441803,healthy
39.jpg,49.836995090407086,healthy
689.jpg,30.897205125894473,healthy
11.jpg,23.346161405344205,healthy
662.jpg,42.14150427744525,healthy
104.jpg,65.20056781124666,healthy
110.jpg,27.556023442435773,healthy
676.jpg,99.87877474928453,healthy
138.jpg,17.889788821887027,healthy
306.jpg,34.07599881338851,healthy
474.jpg,44.05125517046643,healthy
312.jpg,11.136822620170525,healthy
448.jpg,93.2119734599097,healthy
272.jpg,89.78639339944466,healthy
514.jpg,103.41487565140137,healthy
500.jpg,16.1833501358987,healthy
266.jpg,23.03316132028595,healthy
528.jpg,92.78743621069955,healthy
716.jpg,41.880267649174286,healthy
702.jpg,96.89599989538489,healthy
703.jpg,42.6558334568781,healthy
717.jpg,70.45718125072173,healthy
529.jpg,79.63414265575773,healthy
501.jpg,26.33465021171433,healthy
273.jpg,95.60824820276447,healthy
298.jpg,54.264946746944204,healthy
449.jpg,45.38830277465608,healthy
475.jpg,22.759003965332298,healthy
313.jpg,34.82441758695885,healthy
307.jpg,35.28881624233928,healthy
461.jpg,24.723001253204067,healthy
139.jpg,18.437879294494365,healthy
111.jpg,42.15301607825913,healthy
677.jpg,33.83503638277964,healthy
663.jpg,104.26086509049749,healthy
10.jpg,33.67958628982763,healthy
688.jpg,11.863008078800876,healthy
38.jpg,90.56705598641972,healthy
21.jpg,79.6799400803775,healthy
35.jpg,20.301996847075106,healthy
685.jpg,46.46892000141949,healthy
691.jpg,25.485009440087502,healthy
108.jpg,34.24311575638033,healthy
120.jpg,50.70566835002253,healthy
652.jpg,19.87959226463545,healthy
134.jpg,11.621336779274097,healthy
493.jpg,103.75824175429855,healthy
212.jpeg,16.803355301466492,healthy
478.jpg,38.29365938306282,healthy
444.jpg,38.3931378952976,healthy
322.jpg,25.462140211871517,healthy
8.jpeg,23.31835961698257,healthy
450.jpg,28.34472975107078,healthy
295.jpg,53.53169423373142,healthy
281.jpg,31.616699650880346,healthy
518.jpg,18.609655111836858,healthy
530.jpg,51.49697895667354,healthy
256.jpg,30.84249499546732,healthy
242.jpg,49.139309994069,healthy
524.jpg,87.2459819488534,healthy
732.jpg,60.01761590000567,healthy
726.jpg,51.80071511431899,healthy
727.jpg,14.846805547981724,healthy
733.jpg,36.06183753337113,healthy
243.jpg,19.95764708033941,healthy
525.jpg,11.09840602233837,healthy
531.jpg,81.40437261856015,healthy
519.jpg,29.426226795008745,healthy
290.jpeg,19.105062638217543,healthy
280.jpg,18.141463947131797,healthy
294.jpg,68.28527118518953,healthy
337.jpg,51.6037153792018,healthy
492.jpg,69.2068868899218,healthy
486.jpg,54.57906195770112,healthy
121.jpg,90.10664698300153,healthy
109.jpg,29.681716955664516,healthy
690.jpg,19.341669780223818,healthy
684.jpg,88.6560538054667,healthy
34.jpg,36.32128299468152,healthy
20.jpg,40.199002939833896,healthy
36.jpg,105.2644810348719,healthy
22.jpg,81.05780088163424,healthy
692.jpg,27.720775176158536,healthy
686.jpg,87.8637454726514,healthy
137.jpg,95.1671737918656,healthy
651.jpg,14.160906007973907,healthy
645.jpg,11.159046651625216,healthy
123.jpg,19.86860748456423,healthy
490.jpg,89.49387994662148,healthy
309.jpg,97.6073483277363,healthy
453.jpg,29.616283766793888,healthy
321.jpg,43.190205967066625,healthy
447.jpg,19.558408591183042,healthy
282.jpg,100.40523699942091,healthy
296.jpg,26.677599415171738,healthy
269.jpg,100.37718927966361,healthy
527.jpg,91.67078525914727,healthy
241.jpg,101.65365960785348,healthy
255.jpg,51.522072418931856,healthy
533.jpg,37.604635742519115,healthy
719.jpg,88.25914782727509,healthy
725.jpg,36.46741961790644,healthy
731.jpg,93.32376801579764,healthy
730.jpg,22.67694689941504,healthy
724.jpg,32.36062728270576,healthy
718.jpg,18.635337995295558,healthy
254.jpg,29.496727340668556,healthy
532.jpg,40.98580603984189,healthy
526.jpg,94.88830209073974,healthy
240.jpg,46.897040814405194,healthy
268.jpg,24.506972741976348,healthy
297.jpg,94.43234642474376,healthy
283.jpg,97.81245358221359,healthy
320.jpg,52.82847448037688,healthy
446.jpg,19.191181150463997,healthy
452.jpg,37.048279991293434,healthy
308.jpg,38.04730042620846,healthy
485.jpg,45.72795584415712,healthy
491.jpg,41.14218004273338,healthy
644.jpg,10.70274019842248,healthy
122.jpg,17.470316418208697,healthy
136.jpg,19.502117030100663,healthy
650.jpg,11.253577009590495,healthy
678.jpg,46.64327270169562,healthy
687.jpg,98.66303904661468,healthy
693.jpg,88.00582623273911,healthy
37.jpg,11.439500463184245,healthy
697.jpg,64.24976890805922,healthy
683.jpg,95.35924656798078,healthy
33.jpg,37.805815918272806,healthy
654.jpg,13.591143276647244,healthy
132.jpg,43.191632737894665,healthy
126.jpg,45.58945708619778,healthy
668.jpg,29.923501524403292,healthy
495.jpg,62.73878193789834,healthy
481.jpg,96.27595431063125,healthy
330.jpg,28.625495376550187,healthy
442.jpg,47.24714686725069,healthy
324.jpg,61.53952480730515,healthy
318.jpg,51.15952651333192,healthy
287.jpg,28.861395707897277,healthy
293.jpg,46.608506910261966,healthy
244.jpg,32.760825758419195,healthy
522.jpg,27.50939876306352,healthy
536.jpg,88.00129799058897,healthy
250.jpg,28.77562415419966,healthy
278.jpg,102.29575840463306,healthy
720.jpg,92.95669033268962,healthy
734.jpg,10.70274019842248,healthy
708.jpg,48.81819389323933,healthy
709.jpg,40.806948030264415,healthy
735.jpg,41.37583211114361,healthy
721.jpg,45.68271292729571,healthy
279.jpg,14.5340686716586,healthy
537.jpg,21.54174544138062,healthy
251.jpg,35.29187109332701,healthy
245.jpg,39.1573620377603,healthy
523.jpg,20.74135317460804,healthy
292.jpg,102.32559553240642,healthy
286.jpg,19.052163341749722,healthy
319.jpg,90.02072856895427,healthy
443.jpg,48.68828437096,healthy
325.jpg,30.880465381003358,healthy
331.jpg,42.131493901620956,healthy
457.jpg,15.489946196390957,healthy
480.jpg,97.69161963141178,healthy
494.jpg,18.076590296665824,healthy
669.jpg,32.85675906511928,healthy
127.jpg,92.84571768529723,healthy
641.jpg,19.324520544176213,healthy
655.jpg,94.80275629231681,healthy
133.jpg,26.32016979549615,healthy
26.jpg,60.43098218025741,healthy
32.jpg,24.064603436458714,healthy
682.jpg,11.940488924155213,healthy
696.jpg,42.33687916752237,healthy
680.jpg,53.277796228844394,healthy
18.jpg,53.40341278628745,healthy
694.jpg,21.084478583435086,healthy
24.jpg,17.40040097661686,healthy
815.jpeg,14.534513130699088,healthy
30.jpg,102.99671362709735,healthy
643.jpg,15.4515206990794,healthy
125.jpg,17.062764314488433,healthy
131.jpg,11.244371120685283,healthy
657.jpg,55.407844751891574,healthy
119.jpg,90.66642000492439,healthy
482.jpg,24.794744782699375,healthy
496.jpg,51.44354669422109,healthy
327.jpg,30.092958954629033,healthy
441.jpg,35.5651043827015,healthy
455.jpg,12.336973783971251,healthy
469.jpg,97.33676061517913,healthy
284.jpg,80.99069692709574,healthy
253.jpg,85.85072933380933,healthy
535.jpg,10.324828986189688,healthy
521.jpg,90.0359423790949,healthy
247.jpg,80.99723037069884,healthy
509.jpg,21.12573196061577,healthy
737.jpg,94.39167093882405,healthy
723.jpg,17.22529909565051,healthy
722.jpg,57.11485123132845,healthy
736.jpg,23.50559255845737,healthy
508.jpg,97.62730930972705,healthy
520.jpg,33.35705709018164,healthy
246.jpg,97.21807905015164,healthy
252.jpg,34.01104818972611,healthy
285.jpg,17.231046415485142,healthy
291.jpg,94.26980157512284,healthy
468.jpg,19.324520544176213,healthy
454.jpg,86.1655191600864,healthy
332.jpg,16.3422505804311,healthy
326.jpg,29.151460624398684,healthy
440.jpg,36.86949480426,healthy
497.jpg,30.84128383421892,healthy
483.jpg,61.85840545428791,healthy
130.jpg,12.454123028156072,healthy
25.jpg,30.385558643450775,healthy
695.jpg,10.55498885215536,healthy
19.jpg,14.000801912815259,healthy
681.jpg,20.687512200186458,healthy
42.jpg,19.597044888819884,healthy
802.jpg,28.0316521335857,healthy
4.jpg,91.99518658261856,healthy
56.jpg,12.068955383459953,healthy
816.jpg,42.74900761491396,healthy
180.jpg,14.62637492335178,healthy
194.jpg,29.6401625875768,healthy
619.jpg,14.160906007973907,healthy
95.jpg,48.763849589323456,healthy
625.jpg,15.509341231595902,healthy
143.jpg,43.98524481085315,healthy
631.jpg,18.9808994112459,healthy
382.jpg,28.27014716724247,healthy
396.jpg,54.37074552524974,healthy
369.jpg,38.60960930231033,healthy
341.jpg,33.36791255598504,healthy
427.jpg,94.10843901051072,healthy
433.jpg,15.6879346690775,healthy
355.jpg,26.483236632277137,healthy
824.jpeg,11.899453207906378,healthy
590.jpg,11.231492162310794,healthy
584.jpg,21.045949212305164,healthy
209.jpg,48.76099759041237,healthy
553.jpg,29.287701655787515,healthy
547.jpg,39.41781355862973,healthy
221.jpg,27.218794076674747,healthy
792.jpg,57.15731305649003,healthy
786.jpg,86.49096515226418,healthy
779.jpg,19.324520544176213,healthy
751.jpg,19.622450114579028,healthy
745.jpg,16.813632503522683,healthy
750.jpg,91.81730558156019,healthy
778.jpg,17.355315733589862,healthy
787.jpg,28.897079144849595,healthy
793.jpg,95.65936541928352,healthy
546.jpg,37.2699592390812,healthy
220.jpg,14.282969769058566,healthy
234.jpg,16.31372550585601,healthy
552.jpg,70.13823144191524,healthy
208.jpg,55.544741156048275,healthy
591.jpg,28.260739927043183,healthy
354.jpg,98.18778443358431,healthy
340.jpg,32.64087055518033,healthy
426.jpg,15.076682637414395,healthy
368.jpg,22.616075090194204,healthy
397.jpg,56.908488343055915,healthy
383.jpg,38.04360605690934,healthy
156.jpg,19.50776491026542,healthy
630.jpg,17.76501308152504,healthy
142.jpg,21.00626396746967,healthy
94.jpg,25.342881307086746,healthy
618.jpg,12.941693253053502,healthy
80.jpg,96.3295888355573,healthy
195.jpg,28.510213702215967,healthy
181.jpg,62.85572016500452,healthy
803.jpg,92.16237973864385,healthy
43.jpg,19.600528796887335,healthy
55.jpg,100.6614904592758,healthy
7.jpg,16.18084358731228,healthy
801.jpg,20.74135317460804,healthy
69.jpg,17.599172114175555,healthy
829.jpg,97.65891041153237,healthy
197.jpg,91.71132155185245,healthy
183.jpg,42.72761411559545,healthy
96.jpg,52.00903985879048,healthy
168.jpg,17.126003440135463,healthy
82.jpg,28.36825963285313,healthy
632.jpg,23.094123104559795,healthy
140.jpg,31.66805120205535,healthy
626.jpg,24.03004311699813,healthy
395.jpg,51.7665061320253,healthy
381.jpg,17.375187469929603,healthy
418.jpg,57.68874579177802,healthy
356.jpg,98.2124464369666,healthy
430.jpg,13.368381636243308,healthy
424.jpg,99.29459431510301,healthy
342.jpg,28.45184225427229,healthy
587.jpg,65.65991768064666,healthy
593.jpg,65.14375686625992,healthy
578.jpg,34.659573399423046,healthy
828.jpeg,14.430712029980153,healthy
222.jpg,89.40310847437426,healthy
544.jpg,41.10352975822867,healthy
550.jpg,37.52464304139811,healthy
236.jpg,50.746118587998296,healthy
785.jpg,85.74810317063184,healthy
791.jpg,99.01071501526616,healthy
746.jpg,11.978205989864373,healthy
752.jpg,43.70722181097249,healthy
753.jpg,30.689005761543584,healthy
747.jpg,20.95425287497455,healthy
790.jpg,11.301951230315717,healthy
784.jpg,30.340347833604305,healthy
551.jpg,11.459602995620243,healthy
237.jpg,28.416083997079873,healthy
223.jpg,18.71792085420061,healthy
545.jpg,15.961365806178263,healthy
579.jpg,20.580425238136637,healthy
592.jpg,39.37567267796527,healthy
586.jpg,50.66511457267324,healthy
425.jpg,23.66936724182922,healthy
343.jpg,14.230813797180279,healthy
431.jpg,12.320627466170045,healthy
419.jpg,45.07515757350592,healthy
394.jpg,96.49262406677144,healthy
141.jpg,27.25144044887455,healthy
633.jpg,11.371510649392118,healthy
155.jpg,25.461766029072216,healthy
83.jpg,90.52981587469873,healthy
97.jpg,42.5474596875971,healthy
169.jpg,51.08449660909698,healthy
68.jpg,17.565347172898427,healthy
196.jpg,96.27549086413254,healthy
800.jpg,39.13024639036778,healthy
40.jpg,26.788248930531424,healthy
54.jpg,36.85184650849251,healthy
6.jpg,17.490336738583938,healthy
192.jpg,12.107386008056023,healthy
78.jpg,98.34028653065215,healthy
186.jpg,40.67476461896402,healthy
2.jpg,11.253577009590495,healthy
50.jpg,94.20116450735792,healthy
44.jpg,23.734411662792244,healthy
804.jpg,37.12034571953841,healthy
151.jpg,22.3728929979352,healthy
637.jpg,21.001081881620724,healthy
623.jpg,17.85865680918207,healthy
145.jpg,97.6270380701977,healthy
93.jpg,17.816943592322488,healthy
87.jpg,43.822088155700136,healthy
179.jpg,11.911776359000601,healthy
384.jpg,42.85952565728701,healthy
353.jpg,31.483329600843174,healthy
347.jpg,44.84639300821971,healthy
421.jpg,31.87270986403797,healthy
409.jpg,84.09535541551057,healthy
582.jpg,43.36644368384489,healthy
596.jpg,39.71820387213699,healthy
541.jpg,51.91247324734353,healthy
227.jpg,96.44464994064101,healthy
233.jpg,94.96304887818816,healthy
555.jpg,89.53222242533438,healthy
569.jpg,47.3519971683334,healthy
780.jpg,16.32662565408895,healthy
794.jpg,11.16469640218102,healthy
743.jpg,68.09238329754511,healthy
757.jpg,91.71310670784878,healthy
756.jpg,25.442274903271105,healthy
795.jpg,89.91262534444975,healthy
781.jpg,92.47879547041451,healthy
568.jpg,13.764100636199412,healthy
232.jpg,28.281125669922112,healthy
554.jpg,29.851803511309036,healthy
540.jpg,65.92882155990165,healthy
226.jpg,57.827636300213356,healthy
597.jpg,39.77847641222703,healthy
583.jpg,34.2399564596313,healthy
408.jpg,32.32481238319628,healthy
346.jpg,27.75078740874477,healthy
420.jpg,36.07703399211971,healthy
434.jpg,22.51358490935552,healthy
352.jpg,29.222309624531363,healthy
385.jpg,29.576486452120147,healthy
86.jpg,96.85896728796195,healthy
178.jpg,87.50385160549227,healthy
92.jpg,32.99249816841105,healthy
144.jpg,47.30751886769168,healthy
150.jpg,30.351957430591085,healthy
636.jpg,14.49716872892979,healthy
805.jpg,24.371080590194744,healthy
45.jpg,19.86912015219037,healthy
811.jpg,25.012940845835494,healthy
51.jpg,99.014874687206,healthy
79.jpg,13.502452020986908,healthy
187.jpg,50.43268289729406,healthy
193.jpg,42.58662101571021,healthy
185.jpg,98.16128801849379,healthy
235.jpeg,10.868141008747966,healthy
191.jpg,41.01622301848693,healthy
47.jpg,42.14736154584749,healthy
807.jpg,52.37016092198724,healthy
53.jpg,34.65407636846212,healthy
1.jpg,16.779335527247518,healthy
146.jpg,29.085622513065385,healthy
620.jpg,41.2669541328755,healthy
634.jpg,20.960272326593582,healthy
152.jpg,30.27187369354401,healthy
84.jpg,86.07251779056195,healthy
608.jpg,18.55861919077565,healthy
90.jpg,24.123861574460115,healthy
387.jpg,26.283724569724633,healthy
422.jpg,96.92789035309232,healthy
344.jpg,63.24826468760081,healthy
350.jpg,33.8567937884229,healthy
378.jpg,48.29390112836539,healthy
595.jpg,102.84248778553693,healthy
581.jpg,93.93080914478934,healthy
556.jpg,21.80576941667402,healthy
230.jpg,25.39161710613438,healthy
224.jpg,52.7081865231985,healthy
542.jpg,95.31423961993441,healthy
218.jpg,97.1190814460036,healthy
797.jpg,29.63166699325661,healthy
783.jpg,34.41301747744785,healthy
754.jpg,51.13963193109954,healthy
740.jpg,25.675994574688406,healthy
768.jpg,26.003632970419453,healthy
769.jpg,31.170080208940657,healthy
741.jpg,17.683303376323167,healthy
755.jpg,29.87146637029586,healthy
782.jpg,31.7407065474035,healthy
796.jpg,95.8137800932661,healthy
219.jpg,20.579914020860436,healthy
225.jpg,39.01252268009481,healthy
543.jpg,87.67732239512837,healthy
557.jpg,22.845453667925224,healthy
231.jpg,10.259644173359202,healthy
580.jpg,95.80614452810678,healthy
594.jpg,29.143963207961722,healthy
351.jpg,43.2330226781848,healthy
437.jpg,24.320971705125316,healthy
423.jpg,15.17068885043978,healthy
392.jpg,31.934748210296366,healthy
3.jpeg,24.215383343756464,healthy
386.jpg,91.33772604266838,healthy
91.jpg,39.26210314727269,healthy
609.jpg,32.678166116259,healthy
85.jpg,67.09276678224525,healthy
635.jpg,11.966704310683694,healthy
153.jpg,85.6010438997162,healthy
147.jpg,98.83596518908989,healthy
621.jpg,16.145137465405252,healthy
812.jpg,13.608456982240787,healthy
52.jpg,56.76192755689831,healthy
0.jpg,14.417594288748155,healthy
806.jpg,44.409298798633216,healthy
46.jpg,26.403747825407514,healthy
184.jpg,97.96380339811053,healthy
63.jpg,11.926006118607088,infected
189.jpg,0.2361283305111658,infected
77.jpg,25.190056491740993,infected
162.jpg,4.5421490701439,infected
176.jpg,-2.9865438884827737,infected
88.jpg,4.07024342686578,infected
360.jpg,2.3639342829367296,infected
406.jpg,8.943230620282401,infected
412.jpg,38.43901759412303,infected
374.jpg,6.917922032660176,infected
228.jpg,4.36263332050492,infected
214.jpg,6.415369079629103,infected
200.jpg,-1.9072859189461566,infected
201.jpg,24.36141903911416,infected
229.jpg,14.118898176984763,infected
413.jpg,10.812605765959805,infected
375.jpg,6.783125276873118,infected
361.jpg,-2.3896381915932303,infected
407.jpg,9.064283406378301,infected
349.jpg,3.2167092264199204,infected
177.jpg,-1.2958885276484924,infected
89.jpg,6.994642603072788,infected
188.jpg,-1.7217726770052302,infected
76.jpg,19.706597017676103,infected
62.jpg,23.427687031094603,infected
74.jpg,16.466689596881594,infected
48.jpg,5.418191759719285,infected
149.jpg,10.567302369424437,infected
175.jpg,3.3868651698997216,infected
388.jpg,11.733317186969577,infected
514.jpeg,27.9244524538827,infected
439.jpg,3.858698462910599,infected
377.jpg,13.72236205853687,infected
411.jpg,17.824904354276132,infected
405.jpg,9.871393911088152,infected
363.jpg,5.389141787539294,infected
502.jpeg,13.418293054439282,infected
203.jpg,-0.596391586034682,infected
217.jpg,10.716195422328733,infected
216.jpg,0.6848261081112418,infected
202.jpg,12.080258983183736,infected
404.jpg,11.78333707695072,infected
362.jpg,-4.058529827877771,infected
376.jpg,14.428607465260338,infected
410.jpg,12.292011733076762,infected
438.jpg,9.895944382316948,infected
389.jpg,1.3381191564534074,infected
160.jpg,14.342030483634014,infected
174.jpg,8.489105460399612,infected
492.jpeg,20.641244703004904,infected
148.jpg,10.55458799774182,infected
49.jpg,16.861956097963603,infected
61.jpg,-5.714274691181147,infected
75.jpg,14.101943329225245,infected
59.jpg,95.5300621210532,infected
71.jpg,21.687524361763334,infected
65.jpg,10.011343592202062,infected
170.jpg,7.159224338580225,infected
164.jpg,9.515958302451617,infected
493.jpeg,25.84567928020229,infected
158.jpg,3.2824723143807204,infected
399.jpg,12.223533833018406,infected
414.jpg,4.894829518877851,infected
372.jpg,12.876990705363145,infected
366.jpg,3.590263340716582,infected
400.jpg,2.5087589886383097,infected
428.jpg,13.75538162304282,infected
206.jpg,6.021652980996342,infected
212.jpg,19.245760003225538,infected
213.jpg,7.441181977982375,infected
503.jpeg,17.404658606907706,infected
429.jpg,9.287502823965006,infected
367.jpg,6.680133803007128,infected
415.jpg,12.520410702665206,infected
373.jpg,8.900058265185509,infected
398.jpg,15.155048002453759,infected
515.jpeg,16.44162397205054,infected
159.jpg,12.051941280763838,infected
165.jpg,96.99085075915737,infected
171.jpg,-0.4974094213780464,infected
64.jpg,14.867449164455527,infected
70.jpg,27.938227753244313,infected
58.jpg,94.50546018917342,infected
8.jpg,3.3009684204611354,infected
198.jpg,-0.8256804284713809,infected
66.jpg,6.601518883152916,infected
72.jpg,4.258520806422541,infected
167.jpg,5.229626887720227,infected
99.jpg,3.184701291255502,infected
173.jpg,8.75304128267658,infected
365.jpg,-1.3510549260235865,infected
371.jpg,3.3278568951414464,infected
417.jpg,12.912954871716963,infected
359.jpg,-3.067561994172646,infected
211.jpg,11.707737943228357,infected
205.jpg,0.8875229437975781,infected
239.jpg,3.5819014501530413,infected
238.jpg,9.46412000169288,infected
204.jpg,16.317029097484216,infected
210.jpg,-0.04793556450215834,infected
358.jpg,8.581657759522303,infected
370.jpg,8.773828847253299,infected
416.jpg,7.740633311437953,infected
402.jpg,3.033797196098431,infected
364.jpg,6.3532381416675685,infected
172.jpg,12.189431203938753,infected
98.jpg,3.7076528728675315,infected
73.jpg,6.145205274223914,infected
199.jpg,10.70190319561594,infected
67.jpg,16.634655785541266,infected
9.jpg,5.781683790284055,infected
14.jpg,-2.8459838406022695,infected
129.jpg,13.99047334318334,infected
459.jpg,11.031784937098191,infected
465.jpg,5.581136142667518,infected
303.jpg,8.052105586059778,infected
317.jpg,6.337552445980362,infected
471.jpg,2.2667232859708912,infected
288.jpg,11.885214270352918,infected
504.jpeg,13.271457199287736,infected
263.jpg,8.886525086242035,infected
262.jpg,6.8679575978211735,infected
510.jpg,7.786153530743436,infected
276.jpg,-1.9805832859358568,infected
289.jpg,4.063234416587052,infected
316.jpg,4.269532204241112,infected
470.jpg,13.641430862303586,infected
464.jpg,9.874631039713806,infected
302.jpg,0.12288492928650226,infected
458.jpg,-2.2849853403383027,infected
114.jpg,2.325917752937849,infected
100.jpg,13.755240518271782,infected
128.jpg,10.956819121575453,infected
494.jpeg,18.225338090448176,infected
29.jpg,29.11147320302224,infected
15.jpg,16.021332299434533,infected
17.jpg,20.83582238155019,infected
116.jpg,3.3954303069572296,infected
102.jpg,10.151116931802095,infected
328.jpg,11.03097015073788,infected
472.jpg,95.59459382822914,infected
314.jpg,28.443067241330017,infected
300.jpg,5.834451335192303,infected
466.jpg,6.522676609938841,infected
508.jpeg,7.5861984636295485,infected
248.jpg,10.80212959317251,infected
260.jpg,4.960901340800044,infected
274.jpg,3.902369297034658,infected
512.jpg,19.860955343320594,infected
275.jpg,-5.342103760923088,infected
261.jpg,10.899599361067327,infected
249.jpg,7.50757302735516,infected
301.jpg,22.596220370731796,infected
467.jpg,8.744397913536133,infected
315.jpg,11.720148271340454,infected
329.jpg,-0.7224133661629456,infected
498.jpg,31.46540900170961,infected
103.jpg,5.765156260573722,infected
117.jpg,16.243651621604442,infected
16.jpg,7.7015706034802776,infected
499.jpeg,15.610794772495359,infected
12.jpg,24.873142512518406,infected
113.jpg,1.8079857971729716,infected
107.jpg,-1.2745909382631546,infected
488.jpg,4.192484832151908,infected
311.jpg,-0.6068158949837348,infected
477.jpg,7.710800820317817,infected
463.jpg,20.653601925602885,infected
305.jpg,6.511801602299156,infected
339.jpg,-3.7069308037287456,infected
265.jpg,-0.16027664353747006,infected
517.jpg,10.99016125710898,infected
271.jpg,-4.9293751837928586,infected
259.jpg,13.205807772388356,infected
509.jpeg,8.992942426390222,infected
258.jpg,0.6926593740895242,infected
270.jpg,-2.465065501685257,infected
264.jpg,4.919896836223955,infected
335.jpeg,27.80344247776591,infected
338.jpg,0.3830248546474264,infected
462.jpg,2.065903218187424,infected
304.jpg,3.5147065462250655,infected
310.jpg,-2.045982043718497,infected
476.jpg,2.894619094224289,infected
489.jpg,14.752731944744486,infected
106.jpg,16.73659825958832,infected
112.jpg,93.55104918110847,infected
13.jpg,13.39507738449929,infected
39.jpg,12.499258293461773,infected
11.jpg,19.423658141885245,infected
104.jpg,7.595570562090953,infected
110.jpg,6.984867801057725,infected
138.jpg,96.94682288864243,infected
495.jpeg,15.150601272651347,infected
306.jpg,6.520269723072366,infected
460.jpg,0.003225428844841662,infected
474.jpg,10.95565753356249,infected
312.jpg,18.271807365664827,infected
448.jpg,6.1879351291308105,infected
299.jpg,17.72743203837509,infected
272.jpg,8.869094717048984,infected
266.jpg,5.89986083337004,infected
529.jpg,-5.9141620523429745,infected
501.jpg,14.355636351156997,infected
267.jpg,9.810475539003761,infected
273.jpg,5.722588942197707,infected
298.jpg,3.7338628337351736,infected
505.jpeg,18.209282608658114,infected
449.jpg,6.097189239884344,infected
475.jpg,14.330468590423326,infected
313.jpg,1.149438638063141,infected
307.jpg,10.246905128259494,infected
461.jpg,9.850289141921383,infected
513.jpeg,21.451177441861148,infected
139.jpg,10.861272225074307,infected
105.jpg,2.281295585095717,infected
10.jpg,15.938642085084597,infected
38.jpg,17.478734425078564,infected
21.jpg,89.0206623011308,infected
35.jpg,12.416266817518759,infected
496.jpeg,17.3970563763595,infected
108.jpg,4.346470219338079,infected
120.jpg,1.4181922424509934,infected
134.jpg,9.674877063634941,infected
487.jpg,14.752731944744486,infected
478.jpg,2.9299546823597877,infected
444.jpg,9.32036649926826,infected
322.jpg,3.1612169258199905,infected
336.jpg,2.7850096180030555,infected
450.jpg,8.535708810007753,infected
295.jpg,-0.08336672494028945,infected
281.jpg,11.147358717285625,infected
530.jpg,23.29419289768487,infected
256.jpg,1.3833692184885273,infected
242.jpg,7.568007322365678,infected
524.jpg,16.517551813167827,infected
243.jpg,6.373936065382832,infected
525.jpg,94.50765202425654,infected
531.jpg,14.876063074560655,infected
257.jpg,16.22324254224924,infected
519.jpg,-0.8323667247210329,infected
280.jpg,4.909378778031565,infected
294.jpg,-1.2374557057189373,infected
506.jpeg,18.013508419520328,infected
337.jpg,3.9166928875894165,infected
451.jpg,5.299506544952592,infected
445.jpg,11.171407509264284,infected
323.jpg,23.0608601099534,infected
479.jpg,19.960221140171978,infected
486.jpg,23.857286188173575,infected
121.jpg,5.950300392596063,infected
109.jpg,18.997514961520963,infected
34.jpg,18.806754597565718,infected
20.jpg,-4.09617742785675,infected
36.jpg,27.387388655462146,infected
137.jpg,7.439681802997947,infected
123.jpg,13.044874671067621,infected
490.jpg,30.301653544696926,infected
484.jpg,9.730586468199437,infected
309.jpg,9.374727179127603,infected
453.jpg,-1.923277841092881,infected
321.jpg,7.292749177815879,infected
447.jpg,10.156849610701736,infected
282.jpg,3.403304095419799,infected
296.jpg,6.932695062343073,infected
269.jpg,0.9113710714326086,infected
527.jpg,95.52864668422059,infected
241.jpg,18.241115476515667,infected
255.jpg,13.722756055287398,infected
533.jpg,6.020714759690996,infected
254.jpg,1.8398307104800737,infected
532.jpg,8.65171593880756,infected
526.jpg,7.824362716955783,infected
240.jpg,11.465297997546775,infected
268.jpg,4.115275269821734,infected
297.jpg,1.8831295764684133,infected
283.jpg,5.380438492581597,infected
320.jpg,5.883359531855644,infected
446.jpg,17.636774306533187,infected
452.jpg,9.763847802728485,infected
308.jpg,1.0747017997401322,infected
485.jpg,16.002708834564462,infected
122.jpg,7.569996668369543,infected
136.jpg,1.415056973549453,infected
334.png,0.54206594271165,infected
23.jpg,93.54914915772409,infected
37.jpg,15.889240326782936,infected
33.jpg,16.0055895324129,infected
27.jpg,17.42738004394912,infected
132.jpg,6.575280918827887,infected
126.jpg,10.319324442859733,infected
481.jpg,2.956636619212084,infected
330.jpg,3.8395931515222803,infected
456.jpg,4.719438014916215,infected
442.jpg,6.880362228590903,infected
324.jpg,-4.325806909399138,infected
318.jpg,-4.969000597365245,infected
287.jpg,-2.621995535755201,infected
293.jpg,8.184474866725875,infected
244.jpg,12.796283836112728,infected
522.jpg,17.859411985467844,infected
250.jpg,-1.2711186347959562,infected
278.jpg,-2.643052340682797,infected
279.jpg,23.266137247828873,infected
251.jpg,2.8974787894906515,infected
245.jpg,6.235666086108517,infected
523.jpg,19.017757377899148,infected
292.jpg,6.842617746468446,infected
286.jpg,17.946187204652706,infected
319.jpg,0.08693688829208485,infected
443.jpg,8.095103371919755,infected
331.jpg,-0.01885849826220914,infected
457.jpg,17.42738004394912,infected
480.jpg,-5.097009754565331,infected
127.jpg,7.827433496346943,infected
133.jpg,10.027150985612634,infected
26.jpg,93.50754408242183,infected
32.jpg,93.96736296596647,infected
18.jpg,17.2014591016839,infected
24.jpg,15.20957490698025,infected
30.jpg,99.21706333772889,infected
125.jpg,9.582998638224502,infected
131.jpg,4.520053108728415,infected
119.jpg,-0.05815986017918398,infected
482.jpg,7.448983726652842,infected
511.jpeg,6.823008266335762,infected
327.jpg,-3.570212724525428,infected
441.jpg,12.042737764258,infected
455.jpg,6.888145449170881,infected
333.jpg,1.8881823223296919,infected
469.jpg,3.5775223404612673,infected
290.jpg,6.4471095929907545,infected
284.jpg,-1.8377264939184397,infected
507.jpeg,17.99078905723757,infected
253.jpg,7.228905334544962,infected
521.jpg,7.33727926791185,infected
247.jpg,13.407831691770074,infected
520.jpg,10.58052063452149,infected
246.jpg,26.418352895384345,infected
252.jpg,1.7607960985412734,infected
285.jpg,-3.8768820512333084,infected
291.jpg,-1.8269102402255244,infected
468.jpg,17.3897633060816,infected
454.jpg,2.1351088447265285,infected
332.jpg,7.067703496552599,infected
326.jpg,-2.7533982395439525,infected
440.jpg,7.459361154108552,infected
483.jpg,12.553394712902062,infected
497.jpeg,9.4111392233091,infected
118.jpg,15.02381664107645,infected
130.jpg,6.454007784939121,infected
124.jpg,13.645219595226836,infected
31.jpg,13.026127792851801,infected
25.jpg,18.728218036493672,infected
19.jpg,25.579831300423102,infected
42.jpg,12.359510905372394,infected
4.jpg,16.07711823638768,infected
56.jpg,16.78214946158258,infected
180.jpg,3.792306412952925,infected
194.jpg,-4.837878748060503,infected
81.jpg,20.827165365887435,infected
95.jpg,7.750582118042855,infected
143.jpg,7.414704853032563,infected
157.jpg,18.66815566690479,infected
382.jpg,9.168842644480918,infected
396.jpg,10.76955003957811,infected
369.jpg,5.5345496588512235,infected
341.jpg,1.6633327106653197,infected
427.jpg,5.804707131909717,infected
433.jpg,2.080998314366527,infected
355.jpg,-0.03592253438868977,infected
209.jpg,9.564606930956453,infected
235.jpg,13.312506747633078,infected
221.jpg,5.248586282887718,infected
220.jpg,9.02973238891682,infected
234.jpg,-3.7046186280820805,infected
208.jpg,-1.0461591391324427,infected
432.jpg,7.665565321619502,infected
354.jpg,0.5849542514883663,infected
340.jpg,-3.086862388446109,infected
426.jpg,4.702788777198032,infected
368.jpg,19.261648354498536,infected
397.jpg,9.635397775954106,infected
383.jpg,8.97216188607737,infected
156.jpg,10.860325227352313,infected
142.jpg,14.78786534083668,infected
94.jpg,10.243962723347037,infected
80.jpg,7.549051864932727,infected
195.jpg,11.500793882007331,infected
181.jpg,6.060115538461541,infected
5.jpg,20.747281341251075,infected
57.jpg,22.990177319709314,infected
43.jpg,14.166605290620748,infected
55.jpg,7.436384342454983,infected
7.jpg,21.086603345870607,infected
41.jpg,1.5825473475342173,infected
69.jpg,20.649001452640178,infected
197.jpg,9.51661663698588,infected
183.jpg,5.649423186775164,infected
96.jpg,4.3101054506778125,infected
168.jpg,21.511854123013396,infected
82.jpg,17.2718342443957,infected
154.jpg,11.325952824614804,infected
395.jpg,8.229172872752741,infected
381.jpg,11.738268658064191,infected
418.jpg,4.958035799705684,infected
356.jpg,4.8087585402632005,infected
430.jpg,8.244821236105325,infected
424.jpg,0.21005204446623335,infected
342.jpg,8.595977402629487,infected
222.jpg,9.640369413569152,infected
236.jpg,-0.575632492086266,infected
237.jpg,7.904222742496773,infected
500.jpeg,22.049086244385755,infected
425.jpg,9.420872225321045,infected
357.jpg,1.2394123710454912,infected
431.jpg,10.771620058116126,infected
419.jpg,11.853320774022855,infected
380.jpg,9.261868765762939,infected
394.jpg,5.684103606112526,infected
516.jpeg,11.305255681074238,infected
141.jpg,9.65507244810157,infected
155.jpg,-0.33527332431391915,infected
83.jpg,25.889266461750477,infected
97.jpg,7.1538009802325435,infected
169.jpg,1.3381027693396395,infected
182.jpg,14.267519598762435,infected
68.jpg,11.148399217523155,infected
196.jpg,8.55765980110509,infected
40.jpg,12.283539090805803,infected
54.jpg,10.783301041073297,infected
6.jpg,27.921415898077704,infected
192.jpg,8.762677497303017,infected
78.jpg,-2.454969059133655,infected
186.jpg,5.525744225339841,infected
2.jpg,17.30799159752028,infected
50.jpg,23.875454985167558,infected
44.jpg,6.3967795355501496,infected
151.jpg,-2.846276386010392,infected
145.jpg,8.724481234088191,infected
93.jpg,13.76056780759093,infected
87.jpg,96.8327122076661,infected
179.jpg,16.175978731307875,infected
390.jpg,17.154642890824757,infected
384.jpg,14.192002393056217,infected
435.jpg,10.930986514184,infected
353.jpg,0.6460790760390629,infected
347.jpg,6.126868557356967,infected
421.jpg,8.86448800243361,infected
409.jpg,10.724801833002095,infected
227.jpg,9.88942800767584,infected
233.jpg,5.746579389637881,infected
232.jpg,20.77712818888651,infected
226.jpg,9.61220773017525,infected
408.jpg,-1.6025634183037767,infected
346.jpg,6.44166313492544,infected
420.jpg,7.816982430458344,infected
434.jpg,2.062904484856744,infected
352.jpg,7.995047665693721,infected
385.jpg,4.971752976375671,infected
391.jpg,11.63803055389887,infected
178.jpg,3.1427358580426956,infected
491.jpeg,16.576191332476686,infected
92.jpg,9.469209367179372,infected
144.jpg,-2.6472301799143065,infected
150.jpg,5.381011850926941,infected
45.jpg,16.46275152768181,infected
3.jpg,27.19448545236303,infected
51.jpg,1.5098845303431983,infected
79.jpg,7.302732309823774,infected
187.jpg,0.19201413138190826,infected
193.jpg,11.396136750162311,infected
185.jpg,-1.3003417447668237,infected
191.jpg,16.718883592621044,infected
47.jpg,10.508129214219897,infected
53.jpg,7.8074245257729205,infected
1.jpg,6.257810785035023,infected
146.jpg,10.456479055638143,infected
152.jpg,3.017742431043245,infected
84.jpg,-4.332594225483385,infected
90.jpg,25.703028848307273,infected
387.jpg,15.99014726171438,infected
393.jpg,7.656760776980586,infected
422.jpg,3.6081659284131575,infected
344.jpg,5.760581302401841,infected
350.jpg,1.4892044174990529,infected
378.jpg,-4.943901648985398,infected
230.jpg,-0.47585897369102415,infected
224.jpg,13.392709181321061,infected
218.jpg,-0.10828448753435468,infected
219.jpg,6.500500905643366,infected
231.jpg,5.182024047526305,infected
379.jpg,14.890713605082185,infected
351.jpg,3.5893699105390624,infected
437.jpg,-0.720262778595951,infected
423.jpg,23.033848702954813,infected
392.jpg,8.47988916459302,infected
386.jpg,3.632085095591414,infected
91.jpg,-1.0267958041551057,infected
85.jpg,89.01895459610171,infected
153.jpg,8.843442001963723,infected
147.jpg,11.791942289210187,infected
52.jpg,32.39202498622683,infected
0.jpg,15.94547262489911,infected
46.jpg,26.146306362413533,infected
190.jpg,14.597412505482993,infected
184.jpg,1.418318874114317,infected
